"STATION","NAME","DATE","TMAX","TMIN"
"GME00122362","FRANKFURT MAIN WESTEND, GM","2020-01-01","4.2","-2.0"
"GME00122362","FRANKFURT MAIN WESTEND, GM","2020-01-02","1.8","-2.1"
"GME00122362","FRANKFURT MAIN WESTEND, GM","2020-01-03","8.7","1.6"
"GME00122362","FRANKFURT MAIN WESTEND, GM","2020-01-04","6.8","4.1"
"GME00122362","FRANKFURT MAIN WESTEND, GM","2020-01-05","6.2","4.8"
"GME00122362","FRANKFURT MAIN WESTEND, GM","2020-01-06","5.5","-0.4"
"GME00122362","FRANKFURT MAIN WESTEND, GM","2020-01-07","7.9","0.1"
"GME00122362","FRANKFURT MAIN WESTEND, GM","2020-01-08","7.3","4.1"
"GME00122362","FRANKFURT MAIN WESTEND, GM","2020-01-09","11.3","7.1"
"GME00122362","FRANKFURT MAIN WESTEND, GM","2020-01-10","11.0","4.8"
"GME00122362","FRANKFURT MAIN WESTEND, GM","2020-01-11","6.9","1.8"
"GME00122362","FRANKFURT MAIN WESTEND, GM","2020-01-12","5.5","0.4"
"GME00122362","FRANKFURT MAIN WESTEND, GM","2020-01-13","6.9","4.5"
"GME00122362","FRANKFURT MAIN WESTEND, GM","2020-01-14","10.9","4.7"
"GME00122362","FRANKFURT MAIN WESTEND, GM","2020-01-15","13.1","8.1"
"GME00122362","FRANKFURT MAIN WESTEND, GM","2020-01-16","13.8","6.9"
"GME00122362","FRANKFURT MAIN WESTEND, GM","2020-01-17","8.5","2.4"
"GME00122362","FRANKFURT MAIN WESTEND, GM","2020-01-18","6.4","3.2"
"GME00122362","FRANKFURT MAIN WESTEND, GM","2020-01-19","6.6","2.5"
"GME00122362","FRANKFURT MAIN WESTEND, GM","2020-01-20","7.0","-0.1"
"GME00122362","FRANKFURT MAIN WESTEND, GM","2020-01-21","6.0","-1.9"
"GME00122362","FRANKFURT MAIN WESTEND, GM","2020-01-22","0.4","-3.2"
"GME00122362","FRANKFURT MAIN WESTEND, GM","2020-01-23","4.6","0.2"
"GME00122362","FRANKFURT MAIN WESTEND, GM","2020-01-24","1.5","0.1"
"GME00122362","FRANKFURT MAIN WESTEND, GM","2020-01-25","2.0","0.1"
"GME00122362","FRANKFURT MAIN WESTEND, GM","2020-01-26","2.9","0.6"
"GME00122362","FRANKFURT MAIN WESTEND, GM","2020-01-27","8.0","2.5"
"GME00122362","FRANKFURT MAIN WESTEND, GM","2020-01-28","7.5","2.7"
"GME00122362","FRANKFURT MAIN WESTEND, GM","2020-01-29","6.8","2.5"
"GME00122362","FRANKFURT MAIN WESTEND, GM","2020-01-30","9.4","4.6"
"GME00122362","FRANKFURT MAIN WESTEND, GM","2020-01-31","14.6","9.4"
"GME00122362","FRANKFURT MAIN WESTEND, GM","2020-02-01","13.0","8.7"
"GME00122362","FRANKFURT MAIN WESTEND, GM","2020-02-02","14.2","6.1"
"GME00122362","FRANKFURT MAIN WESTEND, GM","2020-02-03","12.5","7.0"
"GME00122362","FRANKFURT MAIN WESTEND, GM","2020-02-04","7.0","2.9"
"GME00122362","FRANKFURT MAIN WESTEND, GM","2020-02-05","8.7","0.5"
"GME00122362","FRANKFURT MAIN WESTEND, GM","2020-02-06","4.6","-0.9"
"GME00122362","FRANKFURT MAIN WESTEND, GM","2020-02-07","7.3","-1.7"
"GME00122362","FRANKFURT MAIN WESTEND, GM","2020-02-08","6.0","-1.1"
"GME00122362","FRANKFURT MAIN WESTEND, GM","2020-02-09","14.2","2.3"
"GME00122362","FRANKFURT MAIN WESTEND, GM","2020-02-10","13.5","5.0"
"GME00122362","FRANKFURT MAIN WESTEND, GM","2020-02-11","8.6","3.3"
"GME00122362","FRANKFURT MAIN WESTEND, GM","2020-02-12","6.8","2.7"
"GME00122362","FRANKFURT MAIN WESTEND, GM","2020-02-13","6.3","0.9"
"GME00122362","FRANKFURT MAIN WESTEND, GM","2020-02-14","8.3","4.4"
"GME00122362","FRANKFURT MAIN WESTEND, GM","2020-02-15","11.5","3.5"
"GME00122362","FRANKFURT MAIN WESTEND, GM","2020-02-16","17.9","10.1"
"GME00122362","FRANKFURT MAIN WESTEND, GM","2020-02-17","15.5","6.5"
"GME00122362","FRANKFURT MAIN WESTEND, GM","2020-02-18","8.6","6.4"
"GME00122362","FRANKFURT MAIN WESTEND, GM","2020-02-19","8.5","4.2"
"GME00122362","FRANKFURT MAIN WESTEND, GM","2020-02-20","9.7","4.4"
"GME00122362","FRANKFURT MAIN WESTEND, GM","2020-02-21","9.1","3.8"
"GME00122362","FRANKFURT MAIN WESTEND, GM","2020-02-22","11.3","3.8"
"GME00122362","FRANKFURT MAIN WESTEND, GM","2020-02-23","13.3","7.6"
"GME00122362","FRANKFURT MAIN WESTEND, GM","2020-02-24","12.1","5.6"
"GME00122362","FRANKFURT MAIN WESTEND, GM","2020-02-25","11.3","5.3"
"GME00122362","FRANKFURT MAIN WESTEND, GM","2020-02-26","6.0","2.9"
"GME00122362","FRANKFURT MAIN WESTEND, GM","2020-02-27","5.2","0.4"
"GME00122362","FRANKFURT MAIN WESTEND, GM","2020-02-28","7.6","2.2"
"GME00122362","FRANKFURT MAIN WESTEND, GM","2020-02-29","14.7","5.3"
"GME00122362","FRANKFURT MAIN WESTEND, GM","2020-03-01","11.6","4.9"
"GME00122362","FRANKFURT MAIN WESTEND, GM","2020-03-02","11.0","4.2"
"GME00122362","FRANKFURT MAIN WESTEND, GM","2020-03-03","8.6","2.7"
"GME00122362","FRANKFURT MAIN WESTEND, GM","2020-03-04","9.7","2.3"
"GME00122362","FRANKFURT MAIN WESTEND, GM","2020-03-05","8.9","4.2"
"GME00122362","FRANKFURT MAIN WESTEND, GM","2020-03-06","9.1","5.0"
"GME00122362","FRANKFURT MAIN WESTEND, GM","2020-03-07","9.9","5.0"
"GME00122362","FRANKFURT MAIN WESTEND, GM","2020-03-08","11.5","5.4"
"GME00122362","FRANKFURT MAIN WESTEND, GM","2020-03-09","11.8","5.7"
"GME00122362","FRANKFURT MAIN WESTEND, GM","2020-03-10","12.2","5.3"
"GME00122362","FRANKFURT MAIN WESTEND, GM","2020-03-11","15.0","12.0"
"GME00122362","FRANKFURT MAIN WESTEND, GM","2020-03-12","13.7","7.3"
"GME00122362","FRANKFURT MAIN WESTEND, GM","2020-03-13","10.0","4.5"
"GME00122362","FRANKFURT MAIN WESTEND, GM","2020-03-14","11.6","3.8"
"GME00122362","FRANKFURT MAIN WESTEND, GM","2020-03-15","15.5","3.7"
"GME00122362","FRANKFURT MAIN WESTEND, GM","2020-03-16","17.5","4.0"
"GME00122362","FRANKFURT MAIN WESTEND, GM","2020-03-17","17.6","8.2"
"GME00122362","FRANKFURT MAIN WESTEND, GM","2020-03-18","17.5","5.7"
"GME00122362","FRANKFURT MAIN WESTEND, GM","2020-03-19","18.6","5.4"
"GME00122362","FRANKFURT MAIN WESTEND, GM","2020-03-20","15.7","7.0"
"GME00122362","FRANKFURT MAIN WESTEND, GM","2020-03-21","8.2","2.3"
"GME00122362","FRANKFURT MAIN WESTEND, GM","2020-03-22","10.3","0.6"
"GME00122362","FRANKFURT MAIN WESTEND, GM","2020-03-23","9.1","-0.1"
"GME00122362","FRANKFURT MAIN WESTEND, GM","2020-03-24","10.2","-0.9"
"GME00122362","FRANKFURT MAIN WESTEND, GM","2020-03-25","11.9","-0.2"
"GME00122362","FRANKFURT MAIN WESTEND, GM","2020-03-26","11.6","0.5"
"GME00122362","FRANKFURT MAIN WESTEND, GM","2020-03-27","17.8","3.4"
"GME00122362","FRANKFURT MAIN WESTEND, GM","2020-03-28","18.5","6.8"
"GME00122362","FRANKFURT MAIN WESTEND, GM","2020-03-29","9.6","1.2"
"GME00122362","FRANKFURT MAIN WESTEND, GM","2020-03-30","9.5","-1.8"
"GME00122362","FRANKFURT MAIN WESTEND, GM","2020-03-31","9.7","1.3"
"GME00122362","FRANKFURT MAIN WESTEND, GM","2020-04-01","11.3","-1.1"
"GME00122362","FRANKFURT MAIN WESTEND, GM","2020-04-02","14.2","0.6"
"GME00122362","FRANKFURT MAIN WESTEND, GM","2020-04-03","13.0","4.5"
"GME00122362","FRANKFURT MAIN WESTEND, GM","2020-04-04","15.5","2.4"
"GME00122362","FRANKFURT MAIN WESTEND, GM","2020-04-05","19.8","4.4"
"GME00122362","FRANKFURT MAIN WESTEND, GM","2020-04-06","22.9","5.0"
"GME00122362","FRANKFURT MAIN WESTEND, GM","2020-04-07","23.8","8.5"
"GME00122362","FRANKFURT MAIN WESTEND, GM","2020-04-08","24.1","10.7"
"GME00122362","FRANKFURT MAIN WESTEND, GM","2020-04-09","24.4","9.9"
"GME00122362","FRANKFURT MAIN WESTEND, GM","2020-04-10","22.9","10.6"
"GME00122362","FRANKFURT MAIN WESTEND, GM","2020-04-11","22.6","7.7"
"GME00122362","FRANKFURT MAIN WESTEND, GM","2020-04-12","24.0","9.0"
"GME00122362","FRANKFURT MAIN WESTEND, GM","2020-04-13","14.7","3.4"
"GME00122362","FRANKFURT MAIN WESTEND, GM","2020-04-14","11.8","0.8"
"GME00122362","FRANKFURT MAIN WESTEND, GM","2020-04-15","18.3","2.0"
"GME00122362","FRANKFURT MAIN WESTEND, GM","2020-04-16","24.3","4.7"
"GME00122362","FRANKFURT MAIN WESTEND, GM","2020-04-17","25.3","10.5"
"GME00122362","FRANKFURT MAIN WESTEND, GM","2020-04-18","24.2","12.4"
"GME00122362","FRANKFURT MAIN WESTEND, GM","2020-04-19","18.7","9.2"
"GME00122362","FRANKFURT MAIN WESTEND, GM","2020-04-20","20.9","6.5"
"GME00122362","FRANKFURT MAIN WESTEND, GM","2020-04-21","22.6","6.9"
"GME00122362","FRANKFURT MAIN WESTEND, GM","2020-04-22","23.8","7.7"
"GME00122362","FRANKFURT MAIN WESTEND, GM","2020-04-23","23.5","8.1"
"GME00122362","FRANKFURT MAIN WESTEND, GM","2020-04-24","23.8","7.9"
"GME00122362","FRANKFURT MAIN WESTEND, GM","2020-04-25","18.2","7.7"
"GME00122362","FRANKFURT MAIN WESTEND, GM","2020-04-26","21.2","6.1"
"GME00122362","FRANKFURT MAIN WESTEND, GM","2020-04-27","23.1","6.6"
"GME00122362","FRANKFURT MAIN WESTEND, GM","2020-04-28","18.3","9.9"
"GME00122362","FRANKFURT MAIN WESTEND, GM","2020-04-29","19.9","11.6"
"GME00122362","FRANKFURT MAIN WESTEND, GM","2020-04-30","14.7","9.9"
"GME00122362","FRANKFURT MAIN WESTEND, GM","2020-05-01","14.5","8.0"
"GME00122362","FRANKFURT MAIN WESTEND, GM","2020-05-02","13.1","7.3"
"GME00122362","FRANKFURT MAIN WESTEND, GM","2020-05-03","18.4","5.7"
"GME00122362","FRANKFURT MAIN WESTEND, GM","2020-05-04","16.9","7.0"
"GME00122362","FRANKFURT MAIN WESTEND, GM","2020-05-05","16.5","6.1"
"GME00122362","FRANKFURT MAIN WESTEND, GM","2020-05-06","17.7","4.3"
"GME00122362","FRANKFURT MAIN WESTEND, GM","2020-05-07","22.9","5.9"
"GME00122362","FRANKFURT MAIN WESTEND, GM","2020-05-08","24.6","10.3"
"GME00122362","FRANKFURT MAIN WESTEND, GM","2020-05-09","18.0","13.1"
"GME00122362","FRANKFURT MAIN WESTEND, GM","2020-05-10","24.9","12.0"
"GME00122362","FRANKFURT MAIN WESTEND, GM","2020-05-11","15.0","3.9"
"GME00122362","FRANKFURT MAIN WESTEND, GM","2020-05-12","14.7","2.1"
"GME00122362","FRANKFURT MAIN WESTEND, GM","2020-05-13","16.1","4.4"
"GME00122362","FRANKFURT MAIN WESTEND, GM","2020-05-14","16.2","5.6"
"GME00122362","FRANKFURT MAIN WESTEND, GM","2020-05-15","18.0","6.5"
"GME00122362","FRANKFURT MAIN WESTEND, GM","2020-05-16","20.3","5.9"
"GME00122362","FRANKFURT MAIN WESTEND, GM","2020-05-17","20.2","9.0"
"GME00122362","FRANKFURT MAIN WESTEND, GM","2020-05-18","24.4","8.7"
"GME00122362","FRANKFURT MAIN WESTEND, GM","2020-05-19","26.0","11.5"
"GME00122362","FRANKFURT MAIN WESTEND, GM","2020-05-20","24.7","14.3"
"GME00122362","FRANKFURT MAIN WESTEND, GM","2020-05-21","26.3","12.3"
"GME00122362","FRANKFURT MAIN WESTEND, GM","2020-05-22","25.1","15.1"
"GME00122362","FRANKFURT MAIN WESTEND, GM","2020-05-23","16.8","10.7"
"GME00122362","FRANKFURT MAIN WESTEND, GM","2020-05-24","18.4","9.1"
"GME00122362","FRANKFURT MAIN WESTEND, GM","2020-05-25","21.5","11.6"
"GME00122362","FRANKFURT MAIN WESTEND, GM","2020-05-26","20.8","9.6"
"GME00122362","FRANKFURT MAIN WESTEND, GM","2020-05-27","24.4","9.0"
"GME00122362","FRANKFURT MAIN WESTEND, GM","2020-05-28","22.3","12.0"
"GME00122362","FRANKFURT MAIN WESTEND, GM","2020-05-29","23.2","10.0"
"GME00122362","FRANKFURT MAIN WESTEND, GM","2020-05-30","21.9","11.1"
"GME00122362","FRANKFURT MAIN WESTEND, GM","2020-05-31","21.9","10.9"
"GME00122362","FRANKFURT MAIN WESTEND, GM","2020-06-01","26.8","11.5"
"GME00122362","FRANKFURT MAIN WESTEND, GM","2020-06-02","28.1","14.1"
"GME00122362","FRANKFURT MAIN WESTEND, GM","2020-06-03","28.7","15.1"
"GME00122362","FRANKFURT MAIN WESTEND, GM","2020-06-04","18.2","11.6"
"GME00122362","FRANKFURT MAIN WESTEND, GM","2020-06-05","15.8","9.5"
"GME00122362","FRANKFURT MAIN WESTEND, GM","2020-06-06","18.1","8.8"
"GME00122362","FRANKFURT MAIN WESTEND, GM","2020-06-07","19.2","11.3"
"GME00122362","FRANKFURT MAIN WESTEND, GM","2020-06-08","22.5","8.8"
"GME00122362","FRANKFURT MAIN WESTEND, GM","2020-06-09","20.1","12.0"
"GME00122362","FRANKFURT MAIN WESTEND, GM","2020-06-10","19.3","13.5"
"GME00122362","FRANKFURT MAIN WESTEND, GM","2020-06-11","19.0","13.3"
"GME00122362","FRANKFURT MAIN WESTEND, GM","2020-06-12","28.8","12.5"
"GME00122362","FRANKFURT MAIN WESTEND, GM","2020-06-13","29.0","17.0"
"GME00122362","FRANKFURT MAIN WESTEND, GM","2020-06-14","22.4","15.6"
"GME00122362","FRANKFURT MAIN WESTEND, GM","2020-06-15","21.3","16.8"
"GME00122362","FRANKFURT MAIN WESTEND, GM","2020-06-16","20.2","15.9"
"GME00122362","FRANKFURT MAIN WESTEND, GM","2020-06-17","26.5","14.6"
"GME00122362","FRANKFURT MAIN WESTEND, GM","2020-06-18","24.1","14.5"
"GME00122362","FRANKFURT MAIN WESTEND, GM","2020-06-19","24.6","14.1"
"GME00122362","FRANKFURT MAIN WESTEND, GM","2020-06-20","24.9","15.0"
"GME00122362","FRANKFURT MAIN WESTEND, GM","2020-06-21","26.8","13.6"
"GME00122362","FRANKFURT MAIN WESTEND, GM","2020-06-22","26.0","17.1"
"GME00122362","FRANKFURT MAIN WESTEND, GM","2020-06-23","27.6","14.9"
"GME00122362","FRANKFURT MAIN WESTEND, GM","2020-06-24","28.9","15.4"
"GME00122362","FRANKFURT MAIN WESTEND, GM","2020-06-25","27.2","16.8"
"GME00122362","FRANKFURT MAIN WESTEND, GM","2020-06-26","30.3","15.2"
"GME00122362","FRANKFURT MAIN WESTEND, GM","2020-06-27","28.7","18.9"
"GME00122362","FRANKFURT MAIN WESTEND, GM","2020-06-28","24.0","15.5"
"GME00122362","FRANKFURT MAIN WESTEND, GM","2020-06-29","25.0","13.0"
"GME00122362","FRANKFURT MAIN WESTEND, GM","2020-06-30","23.2","14.6"
"GME00122362","FRANKFURT MAIN WESTEND, GM","2020-07-01","28.4","16.5"
"GME00122362","FRANKFURT MAIN WESTEND, GM","2020-07-02","27.2","16.6"
"GME00122362","FRANKFURT MAIN WESTEND, GM","2020-07-03","25.4","14.2"
"GME00122362","FRANKFURT MAIN WESTEND, GM","2020-07-04","26.4","14.7"
"GME00122362","FRANKFURT MAIN WESTEND, GM","2020-07-05","27.3","20.9"
"GME00122362","FRANKFURT MAIN WESTEND, GM","2020-07-06","22.3","13.1"
"GME00122362","FRANKFURT MAIN WESTEND, GM","2020-07-07","23.7","10.7"
"GME00122362","FRANKFURT MAIN WESTEND, GM","2020-07-08","17.7","14.1"
"GME00122362","FRANKFURT MAIN WESTEND, GM","2020-07-09","30.2","16.1"
"GME00122362","FRANKFURT MAIN WESTEND, GM","2020-07-10","24.6","16.4"
"GME00122362","FRANKFURT MAIN WESTEND, GM","2020-07-11","22.3","12.4"
"GME00122362","FRANKFURT MAIN WESTEND, GM","2020-07-12","25.5","11.9"
"GME00122362","FRANKFURT MAIN WESTEND, GM","2020-07-13","27.9","13.4"
"GME00122362","FRANKFURT MAIN WESTEND, GM","2020-07-14","29.0","13.7"
"GME00122362","FRANKFURT MAIN WESTEND, GM","2020-07-15","23.3","15.0"
"GME00122362","FRANKFURT MAIN WESTEND, GM","2020-07-16","18.7","15.5"
"GME00122362","FRANKFURT MAIN WESTEND, GM","2020-07-17","24.1","14.0"
"GME00122362","FRANKFURT MAIN WESTEND, GM","2020-07-18","28.0","15.5"
"GME00122362","FRANKFURT MAIN WESTEND, GM","2020-07-19","29.7","14.4"
"GME00122362","FRANKFURT MAIN WESTEND, GM","2020-07-20","27.8","16.1"
"GME00122362","FRANKFURT MAIN WESTEND, GM","2020-07-21","27.3","14.7"
"GME00122362","FRANKFURT MAIN WESTEND, GM","2020-07-22","27.2","12.9"
"GME00122362","FRANKFURT MAIN WESTEND, GM","2020-07-23","27.5","14.6"
"GME00122362","FRANKFURT MAIN WESTEND, GM","2020-07-24","28.7","17.8"
"GME00122362","FRANKFURT MAIN WESTEND, GM","2020-07-25","28.0","18.8"
"GME00122362","FRANKFURT MAIN WESTEND, GM","2020-07-26","26.5","17.8"
"GME00122362","FRANKFURT MAIN WESTEND, GM","2020-07-27","30.1","14.9"
"GME00122362","FRANKFURT MAIN WESTEND, GM","2020-07-28","29.0","17.3"
"GME00122362","FRANKFURT MAIN WESTEND, GM","2020-07-29","27.5","14.0"
"GME00122362","FRANKFURT MAIN WESTEND, GM","2020-07-30","30.8","15.5"
"GME00122362","FRANKFURT MAIN WESTEND, GM","2020-07-31","35.4","18.2"
"GME00122362","FRANKFURT MAIN WESTEND, GM","2020-08-01","32.3","19.4"
"GME00122362","FRANKFURT MAIN WESTEND, GM","2020-08-02","27.5","17.8"
"GME00122362","FRANKFURT MAIN WESTEND, GM","2020-08-03","23.8","16.1"
"GME00122362","FRANKFURT MAIN WESTEND, GM","2020-08-04","24.6","15.1"
"GME00122362","FRANKFURT MAIN WESTEND, GM","2020-08-05","29.2","12.5"
"GME00122362","FRANKFURT MAIN WESTEND, GM","2020-08-06","31.3","14.8"
"GME00122362","FRANKFURT MAIN WESTEND, GM","2020-08-07","34.4","17.0"
"GME00122362","FRANKFURT MAIN WESTEND, GM","2020-08-08","36.3","20.1"
"GME00122362","FRANKFURT MAIN WESTEND, GM","2020-08-09","37.4","20.9"
"GME00122362","FRANKFURT MAIN WESTEND, GM","2020-08-10","34.0","21.0"
"GME00122362","FRANKFURT MAIN WESTEND, GM","2020-08-11","35.9","21.1"
"GME00122362","FRANKFURT MAIN WESTEND, GM","2020-08-12","34.7","21.2"
"GME00122362","FRANKFURT MAIN WESTEND, GM","2020-08-13","25.1","20.6"
"GME00122362","FRANKFURT MAIN WESTEND, GM","2020-08-14","24.9","20.3"
"GME00122362","FRANKFURT MAIN WESTEND, GM","2020-08-15","29.0","18.3"
"GME00122362","FRANKFURT MAIN WESTEND, GM","2020-08-16","31.5","18.2"
"GME00122362","FRANKFURT MAIN WESTEND, GM","2020-08-17","25.7","18.0"
"GME00122362","FRANKFURT MAIN WESTEND, GM","2020-08-18","27.8","17.0"
"GME00122362","FRANKFURT MAIN WESTEND, GM","2020-08-19","27.6","14.9"
"GME00122362","FRANKFURT MAIN WESTEND, GM","2020-08-20","32.0","18.6"
"GME00122362","FRANKFURT MAIN WESTEND, GM","2020-08-21","32.2","19.9"
"GME00122362","FRANKFURT MAIN WESTEND, GM","2020-08-22","26.8","19.7"
"GME00122362","FRANKFURT MAIN WESTEND, GM","2020-08-23","24.9","16.3"
"GME00122362","FRANKFURT MAIN WESTEND, GM","2020-08-24","22.5","16.3"
"GME00122362","FRANKFURT MAIN WESTEND, GM","2020-08-25","22.8","15.1"
"GME00122362","FRANKFURT MAIN WESTEND, GM","2020-08-26","22.5","16.6"
"GME00122362","FRANKFURT MAIN WESTEND, GM","2020-08-27","23.7","14.0"
"GME00122362","FRANKFURT MAIN WESTEND, GM","2020-08-28","23.0","15.3"
"GME00122362","FRANKFURT MAIN WESTEND, GM","2020-08-29","21.2","13.8"
"GME00122362","FRANKFURT MAIN WESTEND, GM","2020-08-30","20.6","13.4"
"GME00122362","FRANKFURT MAIN WESTEND, GM","2020-08-31","20.9","13.9"
"GME00122362","FRANKFURT MAIN WESTEND, GM","2020-09-01","23.0","13.3"
"GME00122362","FRANKFURT MAIN WESTEND, GM","2020-09-02","22.1","11.5"
"GME00122362","FRANKFURT MAIN WESTEND, GM","2020-09-03","21.2","10.7"
"GME00122362","FRANKFURT MAIN WESTEND, GM","2020-09-04","29.0","18.1"
"GME00122362","FRANKFURT MAIN WESTEND, GM","2020-09-05","22.2","15.4"
"GME00122362","FRANKFURT MAIN WESTEND, GM","2020-09-06","21.7","11.2"
"GME00122362","FRANKFURT MAIN WESTEND, GM","2020-09-07","23.2","10.0"
"GME00122362","FRANKFURT MAIN WESTEND, GM","2020-09-08","26.8","9.5"
"GME00122362","FRANKFURT MAIN WESTEND, GM","2020-09-09","27.8","12.5"
"GME00122362","FRANKFURT MAIN WESTEND, GM","2020-09-10","23.6","15.1"
"GME00122362","FRANKFURT MAIN WESTEND, GM","2020-09-11","26.0","11.7"
"GME00122362","FRANKFURT MAIN WESTEND, GM","2020-09-12","28.4","11.5"
"GME00122362","FRANKFURT MAIN WESTEND, GM","2020-09-13","28.7","13.7"
"GME00122362","FRANKFURT MAIN WESTEND, GM","2020-09-14","31.3","14.5"
"GME00122362","FRANKFURT MAIN WESTEND, GM","2020-09-15","31.3","14.9"
"GME00122362","FRANKFURT MAIN WESTEND, GM","2020-09-16","31.9","16.0"
"GME00122362","FRANKFURT MAIN WESTEND, GM","2020-09-17","22.8","12.8"
"GME00122362","FRANKFURT MAIN WESTEND, GM","2020-09-18","23.9","10.6"
"GME00122362","FRANKFURT MAIN WESTEND, GM","2020-09-19","25.3","9.0"
"GME00122362","FRANKFURT MAIN WESTEND, GM","2020-09-20","25.7","11.1"
"GME00122362","FRANKFURT MAIN WESTEND, GM","2020-09-21","26.8","11.7"
"GME00122362","FRANKFURT MAIN WESTEND, GM","2020-09-22","27.2","10.4"
"GME00122362","FRANKFURT MAIN WESTEND, GM","2020-09-23","25.0","17.2"
"GME00122362","FRANKFURT MAIN WESTEND, GM","2020-09-24","20.6","13.9"
"GME00122362","FRANKFURT MAIN WESTEND, GM","2020-09-25","14.4","10.7"
"GME00122362","FRANKFURT MAIN WESTEND, GM","2020-09-26","12.5","8.7"
"GME00122362","FRANKFURT MAIN WESTEND, GM","2020-09-27","12.3","8.4"
"GME00122362","FRANKFURT MAIN WESTEND, GM","2020-09-28","16.9","7.3"
"GME00122362","FRANKFURT MAIN WESTEND, GM","2020-09-29","14.4","10.3"
"GME00122362","FRANKFURT MAIN WESTEND, GM","2020-09-30","18.6","10.6"
"GME00122362","FRANKFURT MAIN WESTEND, GM","2020-10-01","18.0","10.4"
"GME00122362","FRANKFURT MAIN WESTEND, GM","2020-10-02","21.1","10.0"
"GME00122362","FRANKFURT MAIN WESTEND, GM","2020-10-03","16.1","8.5"
"GME00122362","FRANKFURT MAIN WESTEND, GM","2020-10-04","15.7","9.9"
"GME00122362","FRANKFURT MAIN WESTEND, GM","2020-10-05","14.2","9.8"
"GME00122362","FRANKFURT MAIN WESTEND, GM","2020-10-06","13.9","11.1"
"GME00122362","FRANKFURT MAIN WESTEND, GM","2020-10-07","17.0","10.8"
"GME00122362","FRANKFURT MAIN WESTEND, GM","2020-10-08","16.2","9.7"
"GME00122362","FRANKFURT MAIN WESTEND, GM","2020-10-09","15.6","11.9"
"GME00122362","FRANKFURT MAIN WESTEND, GM","2020-10-10","14.5","6.7"
"GME00122362","FRANKFURT MAIN WESTEND, GM","2020-10-11","14.2","5.9"
"GME00122362","FRANKFURT MAIN WESTEND, GM","2020-10-12","14.0","7.3"
"GME00122362","FRANKFURT MAIN WESTEND, GM","2020-10-13","13.0","7.1"
"GME00122362","FRANKFURT MAIN WESTEND, GM","2020-10-14","11.5","6.6"
"GME00122362","FRANKFURT MAIN WESTEND, GM","2020-10-15","10.7","7.8"
"GME00122362","FRANKFURT MAIN WESTEND, GM","2020-10-16","12.4","7.4"
"GME00122362","FRANKFURT MAIN WESTEND, GM","2020-10-17","10.9","5.7"
"GME00122362","FRANKFURT MAIN WESTEND, GM","2020-10-18","10.5","2.8"
"GME00122362","FRANKFURT MAIN WESTEND, GM","2020-10-19","13.7","6.3"
"GME00122362","FRANKFURT MAIN WESTEND, GM","2020-10-20","13.0","3.6"
"GME00122362","FRANKFURT MAIN WESTEND, GM","2020-10-21","18.7","9.9"
"GME00122362","FRANKFURT MAIN WESTEND, GM","2020-10-22","21.0","11.7"
"GME00122362","FRANKFURT MAIN WESTEND, GM","2020-10-23","15.5","12.9"
"GME00122362","FRANKFURT MAIN WESTEND, GM","2020-10-24","16.3","11.4"
"GME00122362","FRANKFURT MAIN WESTEND, GM","2020-10-25","17.3","9.8"
"GME00122362","FRANKFURT MAIN WESTEND, GM","2020-10-26","11.8","7.7"
"GME00122362","FRANKFURT MAIN WESTEND, GM","2020-10-27","12.0","7.6"
"GME00122362","FRANKFURT MAIN WESTEND, GM","2020-10-28","14.4","9.7"
"GME00122362","FRANKFURT MAIN WESTEND, GM","2020-10-29","12.6","10.0"
"GME00122362","FRANKFURT MAIN WESTEND, GM","2020-10-30","15.4","11.2"
"GME00122362","FRANKFURT MAIN WESTEND, GM","2020-10-31","17.2","11.1"
"GME00122362","FRANKFURT MAIN WESTEND, GM","2020-11-01","16.3","11.3"
"GME00122362","FRANKFURT MAIN WESTEND, GM","2020-11-02","22.1","13.1"
"GME00122362","FRANKFURT MAIN WESTEND, GM","2020-11-03","13.7","8.9"
"GME00122362","FRANKFURT MAIN WESTEND, GM","2020-11-04","12.1","4.1"
"GME00122362","FRANKFURT MAIN WESTEND, GM","2020-11-05","11.2","1.9"
"GME00122362","FRANKFURT MAIN WESTEND, GM","2020-11-06","12.0","1.2"
"GME00122362","FRANKFURT MAIN WESTEND, GM","2020-11-07","12.0","1.4"
"GME00122362","FRANKFURT MAIN WESTEND, GM","2020-11-08","12.3","3.3"
"GME00122362","FRANKFURT MAIN WESTEND, GM","2020-11-09","14.1","5.9"
"GME00122362","FRANKFURT MAIN WESTEND, GM","2020-11-10","6.8","5.0"
"GME00122362","FRANKFURT MAIN WESTEND, GM","2020-11-11","8.5","5.6"
"GME00122362","FRANKFURT MAIN WESTEND, GM","2020-11-12","11.7","7.3"
"GME00122362","FRANKFURT MAIN WESTEND, GM","2020-11-13","10.6","6.2"
"GME00122362","FRANKFURT MAIN WESTEND, GM","2020-11-14","16.4","8.3"
"GME00122362","FRANKFURT MAIN WESTEND, GM","2020-11-15","17.2","8.0"
"GME00122362","FRANKFURT MAIN WESTEND, GM","2020-11-16","12.5","9.8"
"GME00122362","FRANKFURT MAIN WESTEND, GM","2020-11-17","12.3","8.4"
"GME00122362","FRANKFURT MAIN WESTEND, GM","2020-11-18","13.7","7.0"
"GME00122362","FRANKFURT MAIN WESTEND, GM","2020-11-19","11.6","5.9"
"GME00122362","FRANKFURT MAIN WESTEND, GM","2020-11-20","7.2","1.6"
"GME00122362","FRANKFURT MAIN WESTEND, GM","2020-11-21","5.4","-0.8"
"GME00122362","FRANKFURT MAIN WESTEND, GM","2020-11-22","6.6","2.3"
"GME00122362","FRANKFURT MAIN WESTEND, GM","2020-11-23","8.2","5.7"
"GME00122362","FRANKFURT MAIN WESTEND, GM","2020-11-24","6.2","3.6"
"GME00122362","FRANKFURT MAIN WESTEND, GM","2020-11-25","5.9","2.5"
"GME00122362","FRANKFURT MAIN WESTEND, GM","2020-11-26","3.1","1.7"
"GME00122362","FRANKFURT MAIN WESTEND, GM","2020-11-27","7.1","0.2"
"GME00122362","FRANKFURT MAIN WESTEND, GM","2020-11-28","3.1","-0.2"
"GME00122362","FRANKFURT MAIN WESTEND, GM","2020-11-29","3.8","-2.1"
"GME00122362","FRANKFURT MAIN WESTEND, GM","2020-11-30","2.5","-3.8"
"GME00122362","FRANKFURT MAIN WESTEND, GM","2020-12-01","2.3","-0.3"
"GME00122362","FRANKFURT MAIN WESTEND, GM","2020-12-02","2.5","0.8"
"GME00122362","FRANKFURT MAIN WESTEND, GM","2020-12-03","4.1","0.7"
"GME00122362","FRANKFURT MAIN WESTEND, GM","2020-12-04","6.5","1.7"
"GME00122362","FRANKFURT MAIN WESTEND, GM","2020-12-05","5.1","0.6"
"GME00122362","FRANKFURT MAIN WESTEND, GM","2020-12-06","4.6","2.8"
"GME00122362","FRANKFURT MAIN WESTEND, GM","2020-12-07","5.5","3.5"
"GME00122362","FRANKFURT MAIN WESTEND, GM","2020-12-08","5.8","0.7"
"GME00122362","FRANKFURT MAIN WESTEND, GM","2020-12-09","4.2","0.4"
"GME00122362","FRANKFURT MAIN WESTEND, GM","2020-12-10","2.3","1.1"
"GME00122362","FRANKFURT MAIN WESTEND, GM","2020-12-11","4.7","1.3"
"GME00122362","FRANKFURT MAIN WESTEND, GM","2020-12-12","5.7","3.7"
"GME00122362","FRANKFURT MAIN WESTEND, GM","2020-12-13","9.0","4.8"
"GME00122362","FRANKFURT MAIN WESTEND, GM","2020-12-14","9.1","3.7"
"GME00122362","FRANKFURT MAIN WESTEND, GM","2020-12-15","8.2","4.8"
"GME00122362","FRANKFURT MAIN WESTEND, GM","2020-12-16","10.3","5.9"
"GME00122362","FRANKFURT MAIN WESTEND, GM","2020-12-17","7.8","4.3"
"GME00122362","FRANKFURT MAIN WESTEND, GM","2020-12-18","6.2","4.0"
"GME00122362","FRANKFURT MAIN WESTEND, GM","2020-12-19","8.4","3.0"
"GME00122362","FRANKFURT MAIN WESTEND, GM","2020-12-20","6.1","3.6"
"GME00122362","FRANKFURT MAIN WESTEND, GM","2020-12-21","9.3","5.8"
"GME00122362","FRANKFURT MAIN WESTEND, GM","2020-12-22","14.1","8.9"
"GME00122362","FRANKFURT MAIN WESTEND, GM","2020-12-23","13.2","11.2"
"GME00122362","FRANKFURT MAIN WESTEND, GM","2020-12-24","11.5","4.2"
"GME00122362","FRANKFURT MAIN WESTEND, GM","2020-12-25","5.5","0.2"
"GME00122362","FRANKFURT MAIN WESTEND, GM","2020-12-26","3.5","-0.2"
"GME00122362","FRANKFURT MAIN WESTEND, GM","2020-12-27","5.3","0.4"
"GME00122362","FRANKFURT MAIN WESTEND, GM","2020-12-28","6.2","2.7"
"GME00122362","FRANKFURT MAIN WESTEND, GM","2020-12-29","5.3","1.9"
"GME00122362","FRANKFURT MAIN WESTEND, GM","2020-12-30","5.5","2.2"
"GME00122362","FRANKFURT MAIN WESTEND, GM","2020-12-31","3.3","1.7"
